select * from json_table('[{"a": 1, "b": [11,111]}, {"a": 2, "b": [22,222]}]', '$[*]' COLUMNS( a INT PATH '$.a')) as tt;
a
1
2
select * from JSON_TABLE( '[ {"a": 1, "b": [11,111]}, {"a": 2, "b": [22,222]}, {"a":3}]', '$[*]' COLUMNS( a INT PATH '$.a', NESTED PATH '$.b[*]' COLUMNS (b INT PATH '$'))) as jt;
a	b
1	11
1	111
2	22
2	222
create table t1 (id varchar(5), json varchar(1024));
insert into t1 values ('j1', '[{"a": 1, "b": [11,111]}, {"a": 2, "b": [22,222]}]');
insert into t1 values ('j2', '[{"a": 3, "b": [11,111]}, {"a": 4, "b": [22,222]}, {"a": 5, "b": [22,222]}]');
select id, json, a from t1, json_table(t1.json, '$[*]' COLUMNS(js_id FOR ORDINALITY, a INT PATH '$.a')) as tt;
id	json	a
j1	[{"a": 1, "b": [11,111]}, {"a": 2, "b": [22,222]}]	1
j1	[{"a": 1, "b": [11,111]}, {"a": 2, "b": [22,222]}]	2
j2	[{"a": 3, "b": [11,111]}, {"a": 4, "b": [22,222]}, {"a": 5, "b": [22,222]}]	3
j2	[{"a": 3, "b": [11,111]}, {"a": 4, "b": [22,222]}, {"a": 5, "b": [22,222]}]	4
j2	[{"a": 3, "b": [11,111]}, {"a": 4, "b": [22,222]}, {"a": 5, "b": [22,222]}]	5
select * from t1, JSON_TABLE(t1.json, '$[*]' COLUMNS(js_id FOR ORDINALITY, a INT PATH '$.a', NESTED PATH '$.b[*]' COLUMNS (b INT PATH '$'))) as jt;
id	json	js_id	a	b
j1	[{"a": 1, "b": [11,111]}, {"a": 2, "b": [22,222]}]	0	1	11
j1	[{"a": 1, "b": [11,111]}, {"a": 2, "b": [22,222]}]	1	1	111
j1	[{"a": 1, "b": [11,111]}, {"a": 2, "b": [22,222]}]	2	2	22
j1	[{"a": 1, "b": [11,111]}, {"a": 2, "b": [22,222]}]	3	2	222
j2	[{"a": 3, "b": [11,111]}, {"a": 4, "b": [22,222]}, {"a": 5, "b": [22,222]}]	0	3	11
j2	[{"a": 3, "b": [11,111]}, {"a": 4, "b": [22,222]}, {"a": 5, "b": [22,222]}]	1	3	111
j2	[{"a": 3, "b": [11,111]}, {"a": 4, "b": [22,222]}, {"a": 5, "b": [22,222]}]	2	4	22
j2	[{"a": 3, "b": [11,111]}, {"a": 4, "b": [22,222]}, {"a": 5, "b": [22,222]}]	3	4	222
j2	[{"a": 3, "b": [11,111]}, {"a": 4, "b": [22,222]}, {"a": 5, "b": [22,222]}]	4	5	22
j2	[{"a": 3, "b": [11,111]}, {"a": 4, "b": [22,222]}, {"a": 5, "b": [22,222]}]	5	5	222
DROP TABLE t1;
#
# End of 10.5 tests
#
